dataset,model,n_features,test_auc,test_accuracy,test_precision,test_recall,test_f1
traditional_LA_plus_structural,Random Forest,156,0.8898729303041972,0.803921568627451,0.8,0.8301886792452831,0.8148148148148148
traditional_LA_structural_plus_prompt_1_structured,Random Forest,210,0.8815941470927994,0.7843137254901961,0.803921568627451,0.7735849056603774,0.7884615384615384
traditional_LA_only,SVC,48,0.8787061994609164,0.8137254901960784,0.8269230769230769,0.8113207547169812,0.819047619047619
traditional_LA_plus_prompt_0_minimal,SVC,102,0.8609934539853678,0.8333333333333334,0.8214285714285714,0.8679245283018868,0.8440366972477065
