prompt_name,code_completeness,code_readability,control_flow_quality,decomposition_quality,variable_naming_quality,algorithmic_efficiency,error_proneness,overall_code_quality,llm_confidence
prompt_0_minimal,4.243873517786561,3.3450592885375494,3.1885375494071146,1.4944664031620554,3.5687747035573123,3.8873517786561265,2.7047430830039527,2.9470355731225295,4.351383399209486
prompt_1_structured,3.9312252964426877,3.5711462450592886,3.623715415019763,1.9549407114624506,3.5557312252964426,3.9960474308300395,2.8118577075098816,3.085375494071146,4.8023715415019765
prompt_2_rubric,4.246640316205534,3.424110671936759,3.261660079051383,3.2387351778656126,3.3612648221343875,3.8,3.0118577075098814,3.217786561264822,4.9885375494071145
